timestamp,jobid,commit,epoch,epochs,world_size,gpus,batch_per_gpu,global_batch,train_loss,train_acc,val_loss,val_acc,epoch_time_s,images_per_sec
2025-11-17T12:19:59.637387,2648,unknown,1,10,2,2,128,256,2.403933822097778,27.268,1.7835293102264405,39.1,27.7366681098938,3605.335709530646
2025-11-17T12:20:22.241071,2648,unknown,2,10,2,2,128,256,1.6248077617645265,40.812,1.5223970863342284,44.92,22.5949547290802,4425.766778425886
2025-11-17T12:20:44.676806,2648,unknown,3,10,2,2,128,256,1.4314792214775085,48.0,1.3335765405654907,50.86,22.426940441131592,4458.922975360358
2025-11-17T12:21:07.219207,2648,unknown,4,10,2,2,128,256,1.2592360430526734,54.652,1.193701134109497,57.18,22.53361201286316,4437.814938098502
2025-11-17T12:21:29.656992,2648,unknown,5,10,2,2,128,256,1.1302876168060303,59.56,1.0467868424415587,63.38,22.42862558364868,4458.587960597273
2025-11-17T12:21:52.177852,2648,unknown,6,10,2,2,128,256,1.033106841506958,63.116,1.0206036589622498,64.5,22.511237382888794,4442.22582255793
2025-11-17T12:22:15.039650,2648,unknown,7,10,2,2,128,256,0.9267796849060058,66.8,0.9286245580673218,67.48,22.853097677230835,4375.77440976996
2025-11-17T12:22:37.304356,2648,unknown,8,10,2,2,128,256,0.8449076415252685,69.912,0.8219020603179932,71.52,22.25546169281006,4493.279060227558
2025-11-17T12:22:59.618948,2648,unknown,9,10,2,2,128,256,0.7914465044784545,71.964,0.7575936543464661,73.82,22.305543184280396,4483.190531332767
2025-11-17T12:23:21.918761,2648,unknown,10,10,2,2,128,256,0.7423910061264039,73.716,0.7350749044418335,74.08,22.290945529937744,4486.12643486547
